season,week,team_id,player_name,player_type,1B,2B,3B,BB,ER,H,H/AB,HBP,HR,IBB,IP,K,QS,R,RBI,SB,SV+H,TB
2026,10,1,Andy Pages,B,3.0,4.0,1.0,1.0,0.0,0.0,0.0,0.0,2.0,0.0,0.0,0.0,0.0,6.0,5.0,1.0,0.0,0.0
2026,10,1,Brandon Lowe,B,5.0,1.0,0.0,1.0,0.0,0.0,0.0,1.0,1.0,0.0,0.0,0.0,0.0,6.0,5.0,0.0,0.0,0.0
2026,10,1,Braxton Ashcraft,P,0.0,0.0,0.0,1.0,3.0,12.0,0.0,0.0,0.0,0.0,12.329999999999998,16.0,2.0,0.0,0.0,0.0,0.0,0.0
2026,10,1,Brent Rooker,B,1.0,1.0,0.0,1.0,0.0,0.0,0.0,1.0,1.0,0.0,0.0,0.0,0.0,3.0,1.0,0.0,0.0,0.0
2026,10,1,Bryan Baker,P,0.0,0.0,0.0,2.0,0.0,2.0,0.0,0.0,0.0,0.0,3.0,4.0,0.0,0.0,0.0,0.0,2.0,0.0
2026,10,1,Bryce Miller,P,0.0,0.0,0.0,1.0,2.0,6.0,0.0,0.0,0.0,0.0,10.0,10.0,0.0,0.0,0.0,0.0,0.0,0.0
2026,10,1,Bubba Chandler,P,0.0,0.0,0.0,0.0,0.0,0.0,0.0,0.0,0.0,0.0,0.0,0.0,0.0,0.0,0.0,0.0,0.0,0.0
2026,10,1,Carter Jensen,B,2.0,1.0,0.0,0.0,0.0,0.0,0.0,0.0,1.0,0.0,0.0,0.0,0.0,2.0,3.0,0.0,0.0,0.0
2026,10,1,Colt Emerson,B,2.0,0.0,1.0,3.0,0.0,0.0,0.0,0.0,1.0,0.0,0.0,0.0,0.0,3.0,3.0,0.0,0.0,0.0
2026,10,1,Eugenio Suarez,B,2.0,2.0,0.0,3.0,0.0,0.0,0.0,0.0,1.0,0.0,0.0,0.0,0.0,3.0,4.0,0.0,0.0,0.0
2026,10,1,Fernando Tatis Jr.,B,9.0,0.0,0.0,2.0,0.0,0.0,0.0,0.0,1.0,0.0,0.0,0.0,0.0,2.0,2.0,2.0,0.0,0.0
2026,10,1,Gleyber Torres,B,0.0,0.0,0.0,0.0,0.0,0.0,0.0,0.0,0.0,0.0,0.0,0.0,0.0,0.0,0.0,0.0,0.0,0.0
2026,10,1,Gunnar Henderson,B,2.0,1.0,0.0,2.0,0.0,0.0,0.0,1.0,2.0,0.0,0.0,0.0,0.0,4.0,7.0,0.0,0.0,0.0
2026,10,1,JJ Bleday,B,0.0,0.0,0.0,0.0,0.0,0.0,0.0,0.0,0.0,0.0,0.0,0.0,0.0,0.0,0.0,0.0,0.0,0.0
2026,10,1,Jared Jones,P,0.0,0.0,0.0,0.0,0.0,0.0,0.0,0.0,0.0,0.0,0.0,0.0,0.0,0.0,0.0,0.0,0.0,0.0
2026,10,1,Jesus Luzardo,P,0.0,0.0,0.0,4.0,2.0,11.0,0.0,0.0,0.0,0.0,11.329999999999998,12.0,1.0,0.0,0.0,0.0,0.0,0.0
2026,10,1,Kade Anderson,P,0.0,0.0,0.0,0.0,0.0,0.0,0.0,0.0,0.0,0.0,0.0,0.0,0.0,0.0,0.0,0.0,0.0,0.0
2026,10,1,Kyle Harrison,P,0.0,0.0,0.0,0.0,0.0,4.0,0.0,0.0,0.0,0.0,6.0,2.0,1.0,0.0,0.0,0.0,0.0,0.0
2026,10,1,Logan Henderson,P,0.0,0.0,0.0,0.0,0.0,0.0,0.0,0.0,0.0,0.0,0.0,0.0,0.0,0.0,0.0,0.0,0.0,0.0
2026,10,1,MacKenzie Gore,P,0.0,0.0,0.0,1.0,0.0,4.0,0.0,0.0,0.0,0.0,6.329999999999999,3.0,1.0,0.0,0.0,0.0,0.0,0.0
2026,10,1,Matt Chapman,B,2.0,2.0,0.0,3.0,0.0,0.0,0.0,0.0,0.0,0.0,0.0,0.0,0.0,3.0,3.0,0.0,0.0,0.0
2026,10,1,Nick Lodolo,P,0.0,0.0,0.0,0.0,0.0,0.0,0.0,0.0,0.0,0.0,0.0,0.0,0.0,0.0,0.0,0.0,0.0,0.0
2026,10,1,Ranger Suarez,P,0.0,0.0,0.0,5.0,9.0,14.0,0.0,0.0,0.0,0.0,10.0,14.0,0.0,0.0,0.0,0.0,0.0,0.0
2026,10,1,Ryan Weathers,P,0.0,0.0,0.0,3.0,5.0,6.0,0.0,0.0,0.0,0.0,6.66,10.0,0.0,0.0,0.0,0.0,0.0,0.0
2026,10,1,Shohei Ohtani (Batter),B,5.0,1.0,0.0,1.0,0.0,0.0,0.0,1.0,2.0,0.0,0.0,0.0,0.0,4.0,3.0,0.0,0.0,0.0
2026,10,1,Shota Imanaga,P,0.0,0.0,0.0,1.0,5.0,5.0,0.0,0.0,0.0,0.0,5.329999999999999,2.0,0.0,0.0,0.0,0.0,0.0,0.0
2026,10,1,Tarik Skubal,P,0.0,0.0,0.0,0.0,0.0,0.0,0.0,0.0,0.0,0.0,0.0,0.0,0.0,0.0,0.0,0.0,0.0,0.0
2026,10,1,Taylor Ward,B,5.0,0.0,0.0,6.0,0.0,0.0,0.0,0.0,0.0,0.0,0.0,0.0,0.0,4.0,2.0,1.0,0.0,0.0
2026,10,1,Vinnie Pasquantino,B,4.0,2.0,0.0,4.0,0.0,0.0,0.0,0.0,0.0,0.0,0.0,0.0,0.0,0.0,2.0,0.0,0.0,0.0
2026,10,2,Aaron Civale,P,0.0,0.0,0.0,1.0,7.0,9.0,0.0,0.0,0.0,0.0,4.0,2.0,0.0,0.0,0.0,0.0,0.0,0.0
2026,10,2,Aaron Nola,P,0.0,0.0,0.0,0.0,2.0,3.0,0.0,0.0,0.0,0.0,6.0,5.0,1.0,0.0,0.0,0.0,0.0,0.0
2026,10,2,Adolis Garcia,B,0.0,0.0,0.0,1.0,0.0,0.0,0.0,0.0,0.0,0.0,0.0,0.0,0.0,0.0,0.0,0.0,0.0,0.0
2026,10,2,Andrew Abbott,P,0.0,0.0,0.0,1.0,2.0,5.0,0.0,0.0,0.0,0.0,6.0,4.0,1.0,0.0,0.0,0.0,0.0,0.0
2026,10,2,Angel Martinez,B,3.0,1.0,0.0,0.0,0.0,0.0,0.0,0.0,0.0,0.0,0.0,0.0,0.0,0.0,3.0,0.0,0.0,0.0
2026,10,2,Anthony Kay,P,0.0,0.0,0.0,2.0,2.0,11.0,0.0,0.0,0.0,0.0,11.0,8.0,1.0,0.0,0.0,0.0,0.0,0.0
2026,10,2,Ben Brown,P,0.0,0.0,0.0,3.0,2.0,7.0,0.0,0.0,0.0,0.0,13.0,13.0,2.0,0.0,0.0,0.0,0.0,0.0
2026,10,2,Brady Singer,P,0.0,0.0,0.0,0.0,0.0,0.0,0.0,0.0,0.0,0.0,0.0,0.0,0.0,0.0,0.0,0.0,0.0,0.0
2026,10,2,Dillon Dingler,B,1.0,1.0,0.0,4.0,0.0,0.0,0.0,0.0,1.0,0.0,0.0,0.0,0.0,1.0,3.0,0.0,0.0,0.0
2026,10,2,Elly De La Cruz,B,3.0,1.0,1.0,1.0,0.0,0.0,0.0,1.0,0.0,0.0,0.0,0.0,0.0,3.0,2.0,1.0,0.0,0.0
2026,10,2,Geraldo Perdomo,B,4.0,1.0,0.0,1.0,0.0,0.0,0.0,1.0,1.0,0.0,0.0,0.0,0.0,7.0,3.0,0.0,0.0,0.0
2026,10,2,Hunter Greene,P,0.0,0.0,0.0,0.0,0.0,0.0,0.0,0.0,0.0,0.0,0.0,0.0,0.0,0.0,0.0,0.0,0.0,0.0
2026,10,2,Jackson Holliday,B,5.0,0.0,0.0,3.0,0.0,0.0,0.0,0.0,1.0,0.0,0.0,0.0,0.0,4.0,4.0,1.0,0.0,0.0
2026,10,2,Juan Soto,B,4.0,0.0,0.0,2.0,0.0,0.0,0.0,0.0,3.0,0.0,0.0,0.0,0.0,5.0,8.0,0.0,0.0,0.0
2026,10,2,Mason Miller,P,0.0,0.0,0.0,2.0,0.0,0.0,0.0,0.0,0.0,0.0,1.3300000000000003,2.0,0.0,0.0,0.0,0.0,1.0,0.0
2026,10,2,Matthew Boyd,P,0.0,0.0,0.0,0.0,0.0,0.0,0.0,0.0,0.0,0.0,0.0,0.0,0.0,0.0,0.0,0.0,0.0,0.0
2026,10,2,Miguel Vargas,B,2.0,1.0,0.0,4.0,0.0,0.0,0.0,0.0,1.0,0.0,0.0,0.0,0.0,5.0,3.0,1.0,0.0,0.0
2026,10,2,Nolan McLean,P,0.0,0.0,0.0,7.0,8.0,7.0,0.0,0.0,0.0,0.0,8.329999999999998,8.0,0.0,0.0,0.0,0.0,0.0,0.0
2026,10,2,Otto Lopez,B,5.0,0.0,0.0,1.0,0.0,0.0,0.0,1.0,0.0,0.0,0.0,0.0,0.0,2.0,3.0,2.0,0.0,0.0
2026,10,2,Pete Alonso,B,8.0,0.0,0.0,3.0,0.0,0.0,0.0,0.0,1.0,0.0,0.0,0.0,0.0,5.0,4.0,0.0,0.0,0.0
2026,10,2,Pete Crow-Armstrong,B,5.0,3.0,0.0,2.0,0.0,0.0,0.0,2.0,1.0,0.0,0.0,0.0,0.0,5.0,3.0,0.0,0.0,0.0
2026,10,2,Rafael Devers,B,2.0,5.0,1.0,2.0,0.0,0.0,0.0,1.0,0.0,0.0,0.0,0.0,0.0,5.0,5.0,0.0,0.0,0.0
2026,10,2,Ryne Nelson,P,0.0,0.0,0.0,0.0,0.0,0.0,0.0,0.0,0.0,0.0,0.0,0.0,0.0,0.0,0.0,0.0,0.0,0.0
2026,10,2,Shane Bieber,P,0.0,0.0,0.0,0.0,0.0,0.0,0.0,0.0,0.0,0.0,0.0,0.0,0.0,0.0,0.0,0.0,0.0,0.0
2026,10,2,Spencer Schwellenbach,P,0.0,0.0,0.0,0.0,0.0,0.0,0.0,0.0,0.0,0.0,0.0,0.0,0.0,0.0,0.0,0.0,0.0,0.0
2026,10,2,Spencer Torkelson,B,0.0,0.0,0.0,0.0,0.0,0.0,0.0,0.0,0.0,0.0,0.0,0.0,0.0,0.0,0.0,0.0,0.0,0.0
2026,10,2,Tanner Bibee,P,0.0,0.0,0.0,1.0,10.0,14.0,0.0,0.0,0.0,0.0,9.0,8.0,1.0,0.0,0.0,0.0,0.0,0.0
2026,10,2,Walker Jenkins,B,0.0,0.0,0.0,0.0,0.0,0.0,0.0,0.0,0.0,0.0,0.0,0.0,0.0,0.0,0.0,0.0,0.0,0.0
2026,10,2,Will Warren,P,0.0,0.0,0.0,6.0,2.0,9.0,0.0,0.0,0.0,0.0,12.0,8.0,2.0,0.0,0.0,0.0,0.0,0.0
2026,10,3,Brenton Doyle,B,0.0,0.0,0.0,0.0,0.0,0.0,0.0,0.0,0.0,0.0,0.0,0.0,0.0,0.0,0.0,0.0,0.0,0.0
2026,10,3,Brice Turang,B,0.0,0.0,0.0,5.0,0.0,0.0,0.0,0.0,0.0,0.0,0.0,0.0,0.0,3.0,1.0,0.0,0.0,0.0
2026,10,3,CJ Abrams,B,4.0,2.0,0.0,3.0,0.0,0.0,0.0,2.0,1.0,0.0,0.0,0.0,0.0,3.0,2.0,2.0,0.0,0.0
2026,10,3,Carlos Rodon,P,0.0,0.0,0.0,0.0,0.0,0.0,0.0,0.0,0.0,0.0,0.0,0.0,0.0,0.0,0.0,0.0,0.0,0.0
2026,10,3,Christian Yelich,B,5.0,1.0,0.0,2.0,0.0,0.0,0.0,0.0,1.0,0.0,0.0,0.0,0.0,4.0,3.0,0.0,0.0,0.0
2026,10,3,Connelly Early,P,0.0,0.0,0.0,3.0,0.0,4.0,0.0,0.0,0.0,0.0,7.0,7.0,1.0,0.0,0.0,0.0,0.0,0.0
2026,10,3,Framber Valdez,P,0.0,0.0,0.0,2.0,4.0,6.0,0.0,0.0,0.0,0.0,6.66,4.0,0.0,0.0,0.0,0.0,0.0,0.0
2026,10,3,Freddie Freeman,B,5.0,1.0,0.0,1.0,0.0,0.0,0.0,0.0,2.0,0.0,0.0,0.0,0.0,6.0,6.0,0.0,0.0,0.0
2026,10,3,Ian Happ,B,4.0,3.0,0.0,1.0,0.0,0.0,0.0,0.0,3.0,0.0,0.0,0.0,0.0,4.0,11.0,0.0,0.0,0.0
2026,10,3,Jacob Misiorowski,P,0.0,0.0,0.0,1.0,1.0,5.0,0.0,0.0,0.0,0.0,14.0,20.0,2.0,0.0,0.0,0.0,0.0,0.0
2026,10,3,Jazz Chisholm Jr.,B,2.0,1.0,0.0,2.0,0.0,0.0,0.0,0.0,1.0,0.0,0.0,0.0,0.0,3.0,1.0,1.0,0.0,0.0
2026,10,3,Jeff Hoffman,P,0.0,0.0,0.0,2.0,5.0,6.0,0.0,0.0,0.0,0.0,2.6600000000000006,5.0,0.0,0.0,0.0,0.0,0.0,0.0
2026,10,3,Jose Caballero,B,0.0,0.0,0.0,0.0,0.0,0.0,0.0,0.0,0.0,0.0,0.0,0.0,0.0,0.0,0.0,0.0,0.0,0.0
2026,10,3,Jose Soriano,P,0.0,0.0,0.0,4.0,3.0,7.0,0.0,0.0,0.0,0.0,5.0,4.0,0.0,0.0,0.0,0.0,0.0,0.0
2026,10,3,Josh Hader,P,0.0,0.0,0.0,0.0,0.0,0.0,0.0,0.0,0.0,0.0,0.0,0.0,0.0,0.0,0.0,0.0,0.0,0.0
2026,10,3,Kyle Schwarber,B,5.0,0.0,0.0,2.0,0.0,0.0,0.0,0.0,2.0,0.0,0.0,0.0,0.0,3.0,3.0,0.0,0.0,0.0
2026,10,3,Michael Harris II,B,8.0,1.0,0.0,3.0,0.0,0.0,0.0,0.0,2.0,0.0,0.0,0.0,0.0,5.0,7.0,0.0,0.0,0.0
2026,10,3,Mookie Betts,B,3.0,1.0,0.0,2.0,0.0,0.0,0.0,0.0,2.0,0.0,0.0,0.0,0.0,3.0,7.0,0.0,0.0,0.0
2026,10,3,Nico Hoerner,B,7.0,0.0,0.0,2.0,0.0,0.0,0.0,0.0,0.0,0.0,0.0,0.0,0.0,1.0,2.0,1.0,0.0,0.0
2026,10,3,Raisel Iglesias,P,0.0,0.0,0.0,0.0,2.0,4.0,0.0,0.0,0.0,0.0,2.0,2.0,0.0,0.0,0.0,0.0,2.0,0.0
2026,10,3,Riley O'Brien,P,0.0,0.0,0.0,0.0,1.0,1.0,0.0,0.0,0.0,0.0,1.0,0.0,0.0,0.0,0.0,0.0,1.0,0.0
2026,10,3,Ryan Jeffers,B,0.0,0.0,0.0,0.0,0.0,0.0,0.0,0.0,0.0,0.0,0.0,0.0,0.0,0.0,0.0,0.0,0.0,0.0
2026,10,3,Sebastian Walcott,B,0.0,0.0,0.0,0.0,0.0,0.0,0.0,0.0,0.0,0.0,0.0,0.0,0.0,0.0,0.0,0.0,0.0,0.0
2026,10,3,Seth Lugo,P,0.0,0.0,0.0,0.0,0.0,0.0,0.0,0.0,0.0,0.0,0.0,0.0,0.0,0.0,0.0,0.0,0.0,0.0
2026,10,3,Trey Yesavage,P,0.0,0.0,0.0,9.0,6.0,7.0,0.0,0.0,0.0,0.0,11.659999999999998,10.0,0.0,0.0,0.0,0.0,0.0,0.0
2026,10,3,Tyler Soderstrom,B,4.0,3.0,0.0,5.0,0.0,0.0,0.0,0.0,2.0,0.0,0.0,0.0,0.0,4.0,2.0,0.0,0.0,0.0
2026,10,3,Wilyer Abreu,B,0.0,0.0,0.0,0.0,0.0,0.0,0.0,0.0,0.0,0.0,0.0,0.0,0.0,0.0,0.0,0.0,0.0,0.0
2026,10,3,Zack Wheeler,P,0.0,0.0,0.0,1.0,4.0,5.0,0.0,0.0,0.0,0.0,6.0,4.0,0.0,0.0,0.0,0.0,0.0,0.0
2026,10,4,Brad Keller,P,0.0,0.0,0.0,2.0,1.0,2.0,0.0,0.0,0.0,0.0,3.0,3.0,0.0,0.0,0.0,0.0,3.0,0.0
2026,10,4,Brendan Donovan,B,0.0,0.0,0.0,0.0,0.0,0.0,0.0,0.0,0.0,0.0,0.0,0.0,0.0,0.0,0.0,0.0,0.0,0.0
2026,10,4,Bryce Harper,B,1.0,0.0,0.0,6.0,0.0,0.0,0.0,0.0,1.0,0.0,0.0,0.0,0.0,3.0,2.0,0.0,0.0,0.0
2026,10,4,Cam Schlittler,P,0.0,0.0,0.0,0.0,1.0,4.0,0.0,0.0,0.0,0.0,6.0,6.0,1.0,0.0,0.0,0.0,0.0,0.0
2026,10,4,Daulton Varsho,B,2.0,2.0,1.0,2.0,0.0,0.0,0.0,0.0,0.0,0.0,0.0,0.0,0.0,3.0,0.0,0.0,0.0,0.0
2026,10,4,David Bednar,P,0.0,0.0,0.0,2.0,0.0,1.0,0.0,0.0,0.0,0.0,2.0,1.0,0.0,0.0,0.0,0.0,1.0,0.0
2026,10,4,Emmet Sheehan,P,0.0,0.0,0.0,1.0,2.0,5.0,0.0,0.0,0.0,0.0,6.0,8.0,1.0,0.0,0.0,0.0,0.0,0.0
2026,10,4,Gavin Sheets,B,3.0,0.0,0.0,4.0,0.0,0.0,0.0,1.0,0.0,0.0,0.0,0.0,0.0,2.0,0.0,0.0,0.0,0.0
2026,10,4,Heliot Ramos,B,0.0,0.0,0.0,0.0,0.0,0.0,0.0,0.0,0.0,0.0,0.0,0.0,0.0,0.0,0.0,0.0,0.0,0.0
2026,10,4,Ildemaro Vargas,B,3.0,1.0,0.0,0.0,0.0,0.0,0.0,0.0,0.0,0.0,0.0,0.0,0.0,1.0,5.0,0.0,0.0,0.0
2026,10,4,Jacob Wilson,B,0.0,0.0,0.0,0.0,0.0,0.0,0.0,0.0,0.0,0.0,0.0,0.0,0.0,0.0,0.0,0.0,0.0,0.0
2026,10,4,Jameson Taillon,P,0.0,0.0,0.0,2.0,4.0,5.0,0.0,0.0,0.0,0.0,5.0,4.0,0.0,0.0,0.0,0.0,0.0,0.0
2026,10,4,Jo Adell,B,1.0,1.0,0.0,0.0,0.0,0.0,0.0,0.0,2.0,0.0,0.0,0.0,0.0,3.0,5.0,1.0,0.0,0.0
2026,10,4,Josh Naylor,B,8.0,0.0,0.0,1.0,0.0,0.0,0.0,0.0,0.0,0.0,0.0,0.0,0.0,4.0,1.0,0.0,0.0,0.0
2026,10,4,Kris Bubic,P,0.0,0.0,0.0,0.0,0.0,0.0,0.0,0.0,0.0,0.0,0.0,0.0,0.0,0.0,0.0,0.0,0.0,0.0
2026,10,4,Louis Varland,P,0.0,0.0,0.0,0.0,0.0,3.0,0.0,0.0,0.0,0.0,3.33,2.0,0.0,0.0,0.0,0.0,3.0,0.0
2026,10,4,Manny Machado,B,1.0,1.0,0.0,2.0,0.0,0.0,0.0,0.0,2.0,0.0,0.0,0.0,0.0,2.0,5.0,0.0,0.0,0.0
2026,10,4,Michael Wacha,P,0.0,0.0,0.0,6.0,8.0,13.0,0.0,0.0,0.0,0.0,12.0,10.0,1.0,0.0,0.0,0.0,0.0,0.0
2026,10,4,Ozzie Albies,B,4.0,2.0,0.0,1.0,0.0,0.0,0.0,0.0,1.0,0.0,0.0,0.0,0.0,3.0,2.0,0.0,0.0,0.0
2026,10,4,Salvador Perez,B,1.0,1.0,0.0,2.0,0.0,0.0,0.0,1.0,1.0,0.0,0.0,0.0,0.0,2.0,1.0,0.0,0.0,0.0
2026,10,4,Steven Kwan,B,2.0,0.0,0.0,2.0,0.0,0.0,0.0,0.0,0.0,0.0,0.0,0.0,0.0,2.0,0.0,0.0,0.0,0.0
2026,10,4,Tatsuya Imai,P,0.0,0.0,0.0,6.0,2.0,3.0,0.0,0.0,0.0,0.0,12.0,7.0,2.0,0.0,0.0,0.0,0.0,0.0
2026,10,4,Teoscar Hernandez,B,2.0,0.0,0.0,0.0,0.0,0.0,0.0,0.0,0.0,0.0,0.0,0.0,0.0,1.0,0.0,1.0,0.0,0.0
2026,10,4,Xander Bogaerts,B,3.0,0.0,0.0,2.0,0.0,0.0,0.0,0.0,1.0,0.0,0.0,0.0,0.0,3.0,2.0,1.0,0.0,0.0
2026,10,4,Yoshinobu Yamamoto,P,0.0,0.0,0.0,2.0,0.0,4.0,0.0,0.0,0.0,0.0,5.329999999999999,10.0,0.0,0.0,0.0,0.0,0.0,0.0
2026,10,5,Andres Munoz,P,0.0,0.0,0.0,0.0,2.0,4.0,0.0,0.0,0.0,0.0,2.0,2.0,0.0,0.0,0.0,0.0,0.0,0.0
2026,10,5,Austin Riley,B,0.0,0.0,1.0,3.0,0.0,0.0,0.0,1.0,0.0,0.0,0.0,0.0,0.0,3.0,1.0,0.0,0.0,0.0
2026,10,5,Bailey Ober,P,0.0,0.0,0.0,1.0,7.0,12.0,0.0,0.0,0.0,0.0,4.66,3.0,0.0,0.0,0.0,0.0,0.0,0.0
2026,10,5,Bryan Reynolds,B,5.0,4.0,0.0,6.0,0.0,0.0,0.0,1.0,2.0,0.0,0.0,0.0,0.0,8.0,6.0,0.0,0.0,0.0
2026,10,5,Bryan Woo,P,0.0,0.0,0.0,0.0,0.0,2.0,0.0,0.0,0.0,0.0,7.0,9.0,1.0,0.0,0.0,0.0,0.0,0.0
2026,10,5,Carson Benge,B,0.0,0.0,0.0,0.0,0.0,0.0,0.0,0.0,0.0,0.0,0.0,0.0,0.0,0.0,0.0,0.0,0.0,0.0
2026,10,5,Ceddanne Rafaela,B,0.0,0.0,0.0,0.0,0.0,0.0,0.0,0.0,0.0,0.0,0.0,0.0,0.0,0.0,0.0,0.0,0.0,0.0
2026,10,5,Charlie Condon,B,0.0,0.0,0.0,0.0,0.0,0.0,0.0,0.0,0.0,0.0,0.0,0.0,0.0,0.0,0.0,0.0,0.0,0.0
2026,10,5,Chase Meidroth,B,0.0,0.0,0.0,0.0,0.0,0.0,0.0,0.0,0.0,0.0,0.0,0.0,0.0,0.0,0.0,0.0,0.0,0.0
2026,10,5,Christian Walker,B,1.0,0.0,0.0,2.0,0.0,0.0,0.0,1.0,2.0,0.0,0.0,0.0,0.0,5.0,6.0,0.0,0.0,0.0
2026,10,5,Cole Ragans,P,0.0,0.0,0.0,0.0,0.0,0.0,0.0,0.0,0.0,0.0,0.0,0.0,0.0,0.0,0.0,0.0,0.0,0.0
2026,10,5,Dansby Swanson,B,2.0,1.0,0.0,6.0,0.0,0.0,0.0,0.0,0.0,0.0,0.0,0.0,0.0,4.0,0.0,2.0,0.0,0.0
2026,10,5,Gavin Williams,P,0.0,0.0,0.0,2.0,1.0,3.0,0.0,0.0,0.0,0.0,7.0,4.0,1.0,0.0,0.0,0.0,0.0,0.0
2026,10,5,George Springer,B,5.0,1.0,0.0,1.0,0.0,0.0,0.0,1.0,0.0,0.0,0.0,0.0,0.0,3.0,1.0,1.0,0.0,0.0
2026,10,5,Grant Taylor,P,0.0,0.0,0.0,0.0,0.0,2.0,0.0,0.0,0.0,0.0,4.0,6.0,0.0,0.0,0.0,0.0,2.0,0.0
2026,10,5,JJ Wetherholt,B,6.0,2.0,0.0,1.0,0.0,0.0,0.0,0.0,0.0,0.0,0.0,0.0,0.0,3.0,0.0,0.0,0.0,0.0
2026,10,5,Kevin Gausman,P,0.0,0.0,0.0,2.0,1.0,6.0,0.0,0.0,0.0,0.0,5.0,5.0,0.0,0.0,0.0,0.0,0.0,0.0
2026,10,5,Kyle Tucker,B,2.0,1.0,0.0,0.0,0.0,0.0,0.0,0.0,0.0,0.0,0.0,0.0,0.0,2.0,1.0,0.0,0.0,0.0
2026,10,5,Marcus Semien,B,0.0,0.0,0.0,0.0,0.0,0.0,0.0,0.0,0.0,0.0,0.0,0.0,0.0,0.0,0.0,0.0,0.0,0.0
2026,10,5,Nick Kurtz,B,3.0,1.0,0.0,3.0,0.0,0.0,0.0,0.0,2.0,0.0,0.0,0.0,0.0,4.0,4.0,0.0,0.0,0.0
2026,10,5,Nick Pivetta,P,0.0,0.0,0.0,0.0,0.0,0.0,0.0,0.0,0.0,0.0,0.0,0.0,0.0,0.0,0.0,0.0,0.0,0.0
2026,10,5,Quinn Priester,P,0.0,0.0,0.0,0.0,0.0,0.0,0.0,0.0,0.0,0.0,0.0,0.0,0.0,0.0,0.0,0.0,0.0,0.0
2026,10,5,Randy Arozarena,B,5.0,2.0,0.0,0.0,0.0,0.0,0.0,0.0,1.0,0.0,0.0,0.0,0.0,4.0,4.0,1.0,0.0,0.0
2026,10,5,Randy Vasquez,P,0.0,0.0,0.0,1.0,4.0,8.0,0.0,0.0,0.0,0.0,5.66,2.0,0.0,0.0,0.0,0.0,0.0,0.0
2026,10,5,Sean Burke,P,0.0,0.0,0.0,4.0,3.0,6.0,0.0,0.0,0.0,0.0,12.329999999999998,14.0,1.0,0.0,0.0,0.0,0.0,0.0
2026,10,5,Seiya Suzuki,B,6.0,1.0,0.0,0.0,0.0,0.0,0.0,1.0,0.0,0.0,0.0,0.0,0.0,3.0,2.0,0.0,0.0,0.0
2026,10,5,Sonny Gray,P,0.0,0.0,0.0,3.0,1.0,4.0,0.0,0.0,0.0,0.0,6.0,7.0,1.0,0.0,0.0,0.0,0.0,0.0
2026,10,5,Will Smith,B,2.0,1.0,0.0,4.0,0.0,0.0,0.0,1.0,2.0,0.0,0.0,0.0,0.0,5.0,3.0,0.0,0.0,0.0
2026,10,5,Xavier Edwards,B,4.0,2.0,1.0,4.0,0.0,0.0,0.0,0.0,0.0,0.0,0.0,0.0,0.0,3.0,1.0,2.0,0.0,0.0
2026,10,6,Adley Rutschman,B,2.0,2.0,0.0,6.0,0.0,0.0,0.0,0.0,0.0,0.0,0.0,0.0,0.0,3.0,3.0,0.0,0.0,0.0
2026,10,6,Andrew Vaughn,B,4.0,3.0,0.0,0.0,0.0,0.0,0.0,0.0,0.0,0.0,0.0,0.0,0.0,2.0,1.0,0.0,0.0,0.0
2026,10,6,Bobby Witt Jr.,B,2.0,1.0,0.0,1.0,0.0,0.0,0.0,0.0,2.0,0.0,0.0,0.0,0.0,3.0,3.0,1.0,0.0,0.0
2026,10,6,Cal Raleigh,B,0.0,0.0,0.0,0.0,0.0,0.0,0.0,0.0,0.0,0.0,0.0,0.0,0.0,0.0,0.0,0.0,0.0,0.0
2026,10,6,Casey Mize,P,0.0,0.0,0.0,0.0,0.0,0.0,0.0,0.0,0.0,0.0,0.0,0.0,0.0,0.0,0.0,0.0,0.0,0.0
2026,10,6,Cody Bellinger,B,4.0,0.0,0.0,4.0,0.0,0.0,0.0,0.0,2.0,0.0,0.0,0.0,0.0,5.0,6.0,0.0,0.0,0.0
2026,10,6,Colson Montgomery,B,4.0,3.0,0.0,2.0,0.0,0.0,0.0,1.0,2.0,0.0,0.0,0.0,0.0,4.0,4.0,0.0,0.0,0.0
2026,10,6,Davis Martin,P,0.0,0.0,0.0,2.0,1.0,2.0,0.0,0.0,0.0,0.0,6.0,5.0,1.0,0.0,0.0,0.0,0.0,0.0
2026,10,6,Emerson Hancock,P,0.0,0.0,0.0,2.0,0.0,1.0,0.0,0.0,0.0,0.0,6.0,3.0,1.0,0.0,0.0,0.0,0.0,0.0
2026,10,6,Freddy Peralta,P,0.0,0.0,0.0,1.0,2.0,7.0,0.0,0.0,0.0,0.0,4.66,5.0,0.0,0.0,0.0,0.0,0.0,0.0
2026,10,6,Jake Burger,B,4.0,3.0,0.0,2.0,0.0,0.0,0.0,0.0,0.0,0.0,0.0,0.0,0.0,6.0,3.0,0.0,0.0,0.0
2026,10,6,Joey Cantillo,P,0.0,0.0,0.0,0.0,0.0,0.0,0.0,0.0,0.0,0.0,0.0,0.0,0.0,0.0,0.0,0.0,0.0,0.0
2026,10,6,Julio Rodriguez,B,3.0,2.0,0.0,0.0,0.0,0.0,0.0,0.0,3.0,0.0,0.0,0.0,0.0,3.0,7.0,0.0,0.0,0.0
2026,10,6,Konnor Griffin,B,4.0,1.0,0.0,2.0,0.0,0.0,0.0,0.0,1.0,0.0,0.0,0.0,0.0,4.0,2.0,2.0,0.0,0.0
2026,10,6,Kyle Bradish,P,0.0,0.0,0.0,5.0,1.0,9.0,0.0,0.0,0.0,0.0,13.0,7.0,2.0,0.0,0.0,0.0,0.0,0.0
2026,10,6,Leo De Vries,B,0.0,0.0,0.0,0.0,0.0,0.0,0.0,0.0,0.0,0.0,0.0,0.0,0.0,0.0,0.0,0.0,0.0,0.0
2026,10,6,Logan Gilbert,P,0.0,0.0,0.0,2.0,0.0,5.0,0.0,0.0,0.0,0.0,6.0,6.0,1.0,0.0,0.0,0.0,0.0,0.0
2026,10,6,Maikel Garcia,B,5.0,1.0,0.0,1.0,0.0,0.0,0.0,0.0,0.0,0.0,0.0,0.0,0.0,1.0,1.0,0.0,0.0,0.0
2026,10,6,Michael McGreevy,P,0.0,0.0,0.0,3.0,5.0,7.0,0.0,0.0,0.0,0.0,4.0,6.0,0.0,0.0,0.0,0.0,0.0,0.0
2026,10,6,Mickey Moniak,B,0.0,0.0,0.0,0.0,0.0,0.0,0.0,0.0,0.0,0.0,0.0,0.0,0.0,0.0,0.0,0.0,0.0,0.0
2026,10,6,Mitch Keller,P,0.0,0.0,0.0,0.0,0.0,0.0,0.0,0.0,0.0,0.0,0.0,0.0,0.0,0.0,0.0,0.0,0.0,0.0
2026,10,6,Munetaka Murakami,B,1.0,1.0,0.0,3.0,0.0,0.0,0.0,0.0,3.0,0.0,0.0,0.0,0.0,7.0,5.0,1.0,0.0,0.0
2026,10,6,Nick Martinez,P,0.0,0.0,0.0,0.0,2.0,8.0,0.0,0.0,0.0,0.0,7.0,5.0,1.0,0.0,0.0,0.0,0.0,0.0
2026,10,6,Paul Skenes,P,0.0,0.0,0.0,3.0,1.0,4.0,0.0,0.0,0.0,0.0,5.329999999999999,10.0,0.0,0.0,0.0,0.0,0.0,0.0
2026,10,6,Payton Tolle,P,0.0,0.0,0.0,2.0,2.0,5.0,0.0,0.0,0.0,0.0,4.66,7.0,0.0,0.0,0.0,0.0,0.0,0.0
2026,10,6,Roman Anthony,B,0.0,0.0,0.0,0.0,0.0,0.0,0.0,0.0,0.0,0.0,0.0,0.0,0.0,0.0,0.0,0.0,0.0,0.0
2026,10,6,Trent Grisham,B,6.0,0.0,0.0,3.0,0.0,0.0,0.0,0.0,1.0,0.0,0.0,0.0,0.0,6.0,4.0,1.0,0.0,0.0
2026,10,6,Trevor Rogers,P,0.0,0.0,0.0,0.0,0.0,0.0,0.0,0.0,0.0,0.0,0.0,0.0,0.0,0.0,0.0,0.0,0.0,0.0
2026,10,6,Yordan Alvarez,B,2.0,1.0,0.0,5.0,0.0,0.0,0.0,1.0,5.0,0.0,0.0,0.0,0.0,8.0,8.0,0.0,0.0,0.0
2026,10,7,Alex Bregman,B,7.0,2.0,0.0,1.0,0.0,0.0,0.0,1.0,1.0,0.0,0.0,0.0,0.0,6.0,2.0,0.0,0.0,0.0
2026,10,7,Ben Rice,B,5.0,4.0,2.0,4.0,0.0,0.0,0.0,0.0,1.0,0.0,0.0,0.0,0.0,8.0,11.0,0.0,0.0,0.0
2026,10,7,Blaze Jordan,B,0.0,0.0,0.0,0.0,0.0,0.0,0.0,0.0,0.0,0.0,0.0,0.0,0.0,0.0,0.0,0.0,0.0,0.0
2026,10,7,Brandon Nimmo,B,0.0,0.0,0.0,0.0,0.0,0.0,0.0,0.0,0.0,0.0,0.0,0.0,0.0,0.0,0.0,0.0,0.0,0.0
2026,10,7,Brooks Lee,B,0.0,0.0,0.0,0.0,0.0,0.0,0.0,0.0,0.0,0.0,0.0,0.0,0.0,0.0,0.0,0.0,0.0,0.0
2026,10,7,Casey Schmitt,B,4.0,3.0,0.0,0.0,0.0,0.0,0.0,0.0,1.0,0.0,0.0,0.0,0.0,2.0,4.0,2.0,0.0,0.0
2026,10,7,Colin Rea,P,0.0,0.0,0.0,3.0,2.0,4.0,0.0,0.0,0.0,0.0,5.329999999999999,5.0,0.0,0.0,0.0,0.0,0.0,0.0
2026,10,7,Drew Anderson,P,0.0,0.0,0.0,0.0,3.0,5.0,0.0,0.0,0.0,0.0,4.329999999999999,4.0,0.0,0.0,0.0,0.0,0.0,0.0
2026,10,7,Dylan Cease,P,0.0,0.0,0.0,0.0,0.0,0.0,0.0,0.0,0.0,0.0,0.0,0.0,0.0,0.0,0.0,0.0,0.0,0.0
2026,10,7,Foster Griffin,P,0.0,0.0,0.0,0.0,0.0,0.0,0.0,0.0,0.0,0.0,0.0,0.0,0.0,0.0,0.0,0.0,0.0,0.0
2026,10,7,Gerrit Cole,P,0.0,0.0,0.0,0.0,0.0,4.0,0.0,0.0,0.0,0.0,6.66,10.0,1.0,0.0,0.0,0.0,0.0,0.0
2026,10,7,Hunter Brown,P,0.0,0.0,0.0,0.0,0.0,0.0,0.0,0.0,0.0,0.0,0.0,0.0,0.0,0.0,0.0,0.0,0.0,0.0
2026,10,7,Jack Leiter,P,0.0,0.0,0.0,5.0,4.0,7.0,0.0,0.0,0.0,0.0,11.659999999999998,14.0,0.0,0.0,0.0,0.0,0.0,0.0
2026,10,7,Jakob Marsee,B,2.0,2.0,0.0,3.0,0.0,0.0,0.0,1.0,0.0,0.0,0.0,0.0,0.0,3.0,2.0,1.0,0.0,0.0
2026,10,7,Jarren Duran,B,7.0,0.0,0.0,2.0,0.0,0.0,0.0,0.0,4.0,0.0,0.0,0.0,0.0,6.0,8.0,0.0,0.0,0.0
2026,10,7,Jonathan Aranda,B,7.0,1.0,0.0,6.0,0.0,0.0,0.0,0.0,3.0,0.0,0.0,0.0,0.0,6.0,5.0,0.0,0.0,0.0
2026,10,7,Jordan Walker,B,4.0,0.0,0.0,1.0,0.0,0.0,0.0,0.0,0.0,0.0,0.0,0.0,0.0,2.0,1.0,0.0,0.0,0.0
2026,10,7,Jorge Soler,B,0.0,0.0,0.0,0.0,0.0,0.0,0.0,0.0,0.0,0.0,0.0,0.0,0.0,0.0,0.0,0.0,0.0,0.0
2026,10,7,Landen Roupp,P,0.0,0.0,0.0,1.0,2.0,7.0,0.0,0.0,0.0,0.0,5.0,7.0,0.0,0.0,0.0,0.0,0.0,0.0
2026,10,7,Logan Webb,P,0.0,0.0,0.0,0.0,0.0,0.0,0.0,0.0,0.0,0.0,0.0,0.0,0.0,0.0,0.0,0.0,0.0,0.0
2026,10,7,Max Fried,P,0.0,0.0,0.0,0.0,0.0,0.0,0.0,0.0,0.0,0.0,0.0,0.0,0.0,0.0,0.0,0.0,0.0,0.0
2026,10,7,Mike Trout,B,2.0,2.0,0.0,9.0,0.0,0.0,0.0,0.0,1.0,0.0,0.0,0.0,0.0,6.0,3.0,0.0,0.0,0.0
2026,10,7,Nathan Eovaldi,P,0.0,0.0,0.0,2.0,5.0,4.0,0.0,0.0,0.0,0.0,7.0,6.0,0.0,0.0,0.0,0.0,0.0,0.0
2026,10,7,Ronald Acuna Jr.,B,2.0,0.0,0.0,8.0,0.0,0.0,0.0,0.0,5.0,0.0,0.0,0.0,0.0,5.0,10.0,5.0,0.0,0.0
2026,10,7,Sal Stewart,B,5.0,2.0,0.0,2.0,0.0,0.0,0.0,1.0,0.0,0.0,0.0,0.0,0.0,2.0,3.0,0.0,0.0,0.0
2026,10,7,Spencer Arrighetti,P,0.0,0.0,0.0,1.0,1.0,3.0,0.0,0.0,0.0,0.0,6.0,3.0,1.0,0.0,0.0,0.0,0.0,0.0
2026,10,7,Steven Matz,P,0.0,0.0,0.0,2.0,6.0,7.0,0.0,0.0,0.0,0.0,3.0,2.0,0.0,0.0,0.0,0.0,0.0,0.0
2026,10,7,William Contreras,B,2.0,2.0,0.0,1.0,0.0,0.0,0.0,0.0,0.0,0.0,0.0,0.0,0.0,2.0,4.0,0.0,0.0,0.0
2026,10,7,Willy Adames,B,3.0,2.0,1.0,2.0,0.0,0.0,0.0,0.0,2.0,0.0,0.0,0.0,0.0,5.0,6.0,0.0,0.0,0.0
2026,10,8,Aaron Judge,B,3.0,2.0,0.0,4.0,0.0,0.0,0.0,0.0,0.0,0.0,0.0,0.0,0.0,2.0,6.0,0.0,0.0,0.0
2026,10,8,Brandon Woodruff,P,0.0,0.0,0.0,0.0,0.0,0.0,0.0,0.0,0.0,0.0,0.0,0.0,0.0,0.0,0.0,0.0,0.0,0.0
2026,10,8,Brayan Rocchio,B,5.0,2.0,0.0,1.0,0.0,0.0,0.0,1.0,0.0,0.0,0.0,0.0,0.0,2.0,0.0,0.0,0.0,0.0
2026,10,8,Byron Buxton,B,3.0,1.0,0.0,4.0,0.0,0.0,0.0,0.0,1.0,0.0,0.0,0.0,0.0,4.0,1.0,0.0,0.0,0.0
2026,10,8,Chase Burns,P,0.0,0.0,0.0,2.0,2.0,4.0,0.0,0.0,0.0,0.0,5.329999999999999,8.0,0.0,0.0,0.0,0.0,0.0,0.0
2026,10,8,Chase DeLauter,B,8.0,0.0,0.0,0.0,0.0,0.0,0.0,0.0,0.0,0.0,0.0,0.0,0.0,2.0,2.0,0.0,0.0,0.0
2026,10,8,Chris Sale,P,0.0,0.0,0.0,3.0,2.0,6.0,0.0,0.0,0.0,0.0,5.0,8.0,0.0,0.0,0.0,0.0,0.0,0.0
2026,10,8,Corbin Burnes,P,0.0,0.0,0.0,0.0,0.0,0.0,0.0,0.0,0.0,0.0,0.0,0.0,0.0,0.0,0.0,0.0,0.0,0.0
2026,10,8,Corey Seager,B,0.0,0.0,0.0,0.0,0.0,0.0,0.0,0.0,0.0,0.0,0.0,0.0,0.0,0.0,0.0,0.0,0.0,0.0
2026,10,8,Daylen Lile,B,2.0,0.0,0.0,2.0,0.0,0.0,0.0,0.0,0.0,0.0,0.0,0.0,0.0,2.0,2.0,0.0,0.0,0.0
2026,10,8,Erik Sabrowski,P,0.0,0.0,0.0,0.0,0.0,0.0,0.0,0.0,0.0,0.0,0.0,0.0,0.0,0.0,0.0,0.0,0.0,0.0
2026,10,8,Ivan Herrera,B,4.0,0.0,0.0,2.0,0.0,0.0,0.0,1.0,1.0,0.0,0.0,0.0,0.0,4.0,2.0,0.0,0.0,0.0
2026,10,8,Janson Junk,P,0.0,0.0,0.0,0.0,1.0,8.0,0.0,0.0,0.0,0.0,5.0,3.0,0.0,0.0,0.0,0.0,0.0,0.0
2026,10,8,Jeremy Pena,B,6.0,0.0,0.0,1.0,0.0,0.0,0.0,2.0,3.0,0.0,0.0,0.0,0.0,8.0,5.0,2.0,0.0,0.0
2026,10,8,Jesus Made,B,0.0,0.0,0.0,0.0,0.0,0.0,0.0,0.0,0.0,0.0,0.0,0.0,0.0,0.0,0.0,0.0,0.0,0.0
2026,10,8,Jose Ramirez,B,2.0,3.0,0.0,2.0,0.0,0.0,0.0,0.0,0.0,0.0,0.0,0.0,0.0,2.0,5.0,0.0,0.0,0.0
2026,10,8,Kevin McGonigle,B,6.0,0.0,1.0,4.0,0.0,0.0,0.0,0.0,0.0,0.0,0.0,0.0,0.0,4.0,2.0,1.0,0.0,0.0
2026,10,8,Kyle Stowers,B,0.0,0.0,0.0,0.0,0.0,0.0,0.0,0.0,0.0,0.0,0.0,0.0,0.0,0.0,0.0,0.0,0.0,0.0
2026,10,8,Max Meyer,P,0.0,0.0,0.0,3.0,5.0,6.0,0.0,0.0,0.0,0.0,6.0,6.0,0.0,0.0,0.0,0.0,0.0,0.0
2026,10,8,Merrill Kelly,P,0.0,0.0,0.0,4.0,4.0,12.0,0.0,0.0,0.0,0.0,12.329999999999998,6.0,1.0,0.0,0.0,0.0,0.0,0.0
2026,10,8,Parker Messick,P,0.0,0.0,0.0,2.0,1.0,5.0,0.0,0.0,0.0,0.0,5.0,4.0,0.0,0.0,0.0,0.0,0.0,0.0
2026,10,8,Reid Detmers,P,0.0,0.0,0.0,3.0,3.0,5.0,0.0,0.0,0.0,0.0,5.0,7.0,0.0,0.0,0.0,0.0,0.0,0.0
2026,10,8,Robbie Ray,P,0.0,0.0,0.0,0.0,0.0,0.0,0.0,0.0,0.0,0.0,0.0,0.0,0.0,0.0,0.0,0.0,0.0,0.0
2026,10,8,Sandy Alcantara,P,0.0,0.0,0.0,1.0,8.0,10.0,0.0,0.0,0.0,0.0,5.66,4.0,0.0,0.0,0.0,0.0,0.0,0.0
2026,10,8,Shea Langeliers,B,1.0,0.0,0.0,1.0,0.0,0.0,0.0,1.0,2.0,0.0,0.0,0.0,0.0,2.0,3.0,0.0,0.0,0.0
2026,10,8,Vladimir Guerrero Jr.,B,6.0,2.0,0.0,2.0,0.0,0.0,0.0,0.0,0.0,0.0,0.0,0.0,0.0,3.0,2.0,1.0,0.0,0.0
2026,10,8,Willson Contreras,B,6.0,0.0,0.0,2.0,0.0,0.0,0.0,2.0,0.0,0.0,0.0,0.0,0.0,1.0,0.0,0.0,0.0,0.0
2026,10,8,Wyatt Langford,B,0.0,0.0,0.0,0.0,0.0,0.0,0.0,0.0,0.0,0.0,0.0,0.0,0.0,0.0,0.0,0.0,0.0,0.0
2026,10,8,Zebby Matthews,P,0.0,0.0,0.0,3.0,10.0,11.0,0.0,0.0,0.0,0.0,10.329999999999998,13.0,1.0,0.0,0.0,0.0,0.0,0.0
2026,10,9,Aroldis Chapman,P,0.0,0.0,0.0,0.0,0.0,1.0,0.0,0.0,0.0,0.0,1.0,2.0,0.0,0.0,0.0,0.0,0.0,0.0
2026,10,9,Blake Snell,P,0.0,0.0,0.0,0.0,0.0,0.0,0.0,0.0,0.0,0.0,0.0,0.0,0.0,0.0,0.0,0.0,0.0,0.0
2026,10,9,Bo Bichette,B,5.0,0.0,0.0,4.0,0.0,0.0,0.0,0.0,0.0,0.0,0.0,0.0,0.0,4.0,1.0,0.0,0.0,0.0
2026,10,9,Bryce Elder,P,0.0,0.0,0.0,1.0,5.0,9.0,0.0,0.0,0.0,0.0,3.33,1.0,0.0,0.0,0.0,0.0,0.0,0.0
2026,10,9,Cade Cavalli,P,0.0,0.0,0.0,2.0,1.0,5.0,0.0,0.0,0.0,0.0,6.0,7.0,1.0,0.0,0.0,0.0,0.0,0.0
2026,10,9,Cade Smith,P,0.0,0.0,0.0,0.0,1.0,3.0,0.0,0.0,0.0,0.0,2.0,5.0,0.0,0.0,0.0,0.0,2.0,0.0
2026,10,9,Corbin Carroll,B,4.0,1.0,0.0,2.0,0.0,0.0,0.0,0.0,0.0,0.0,0.0,0.0,0.0,3.0,0.0,1.0,0.0,0.0
2026,10,9,Cristopher Sanchez,P,0.0,0.0,0.0,0.0,0.0,6.0,0.0,0.0,0.0,0.0,7.0,9.0,1.0,0.0,0.0,0.0,0.0,0.0
2026,10,9,Drake Baldwin,B,0.0,0.0,0.0,0.0,0.0,0.0,0.0,0.0,0.0,0.0,0.0,0.0,0.0,0.0,0.0,0.0,0.0,0.0
2026,10,9,Garrett Crochet,P,0.0,0.0,0.0,0.0,0.0,0.0,0.0,0.0,0.0,0.0,0.0,0.0,0.0,0.0,0.0,0.0,0.0,0.0
2026,10,9,J.T. Ginn,P,0.0,0.0,0.0,3.0,0.0,4.0,0.0,0.0,0.0,0.0,6.0,4.0,1.0,0.0,0.0,0.0,0.0,0.0
2026,10,9,Jackson Chourio,B,2.0,0.0,0.0,3.0,0.0,0.0,0.0,0.0,1.0,0.0,0.0,0.0,0.0,4.0,3.0,2.0,0.0,0.0
2026,10,9,Jake Bauers,B,0.0,0.0,0.0,0.0,0.0,0.0,0.0,0.0,0.0,0.0,0.0,0.0,0.0,0.0,0.0,0.0,0.0,0.0
2026,10,9,Junior Caminero,B,5.0,3.0,0.0,6.0,0.0,0.0,0.0,0.0,0.0,0.0,0.0,0.0,0.0,2.0,1.0,0.0,0.0,0.0
2026,10,9,Ketel Marte,B,5.0,1.0,0.0,3.0,0.0,0.0,0.0,0.0,1.0,0.0,0.0,0.0,0.0,2.0,6.0,0.0,0.0,0.0
2026,10,9,Luke Keaschall,B,6.0,2.0,0.0,0.0,0.0,0.0,0.0,0.0,0.0,0.0,0.0,0.0,0.0,3.0,0.0,0.0,0.0,0.0
2026,10,9,Matt Olson,B,3.0,1.0,0.0,2.0,0.0,0.0,0.0,1.0,2.0,0.0,0.0,0.0,0.0,4.0,3.0,0.0,0.0,0.0
2026,10,9,Max Muncy,B,1.0,0.0,0.0,0.0,0.0,0.0,0.0,0.0,2.0,0.0,0.0,0.0,0.0,3.0,2.0,0.0,0.0,0.0
2026,10,9,Oneil Cruz,B,5.0,0.0,0.0,5.0,0.0,0.0,0.0,1.0,2.0,0.0,0.0,0.0,0.0,5.0,7.0,3.0,0.0,0.0
2026,10,9,Peter Lambert,P,0.0,0.0,0.0,0.0,0.0,0.0,0.0,0.0,0.0,0.0,0.0,0.0,0.0,0.0,0.0,0.0,0.0,0.0
2026,10,9,Robby Snelling,P,0.0,0.0,0.0,0.0,0.0,0.0,0.0,0.0,0.0,0.0,0.0,0.0,0.0,0.0,0.0,0.0,0.0,0.0
2026,10,9,Samuel Basallo,B,3.0,1.0,0.0,3.0,0.0,0.0,0.0,0.0,2.0,0.0,0.0,0.0,0.0,4.0,6.0,0.0,0.0,0.0
2026,10,9,Spencer Steer,B,5.0,1.0,0.0,4.0,0.0,0.0,0.0,0.0,0.0,0.0,0.0,0.0,0.0,5.0,3.0,0.0,0.0,0.0
2026,10,9,Spencer Strider,P,0.0,0.0,0.0,5.0,6.0,10.0,0.0,0.0,0.0,0.0,10.0,13.0,0.0,0.0,0.0,0.0,0.0,0.0
2026,10,9,Taj Bradley,P,0.0,0.0,0.0,2.0,4.0,5.0,0.0,0.0,0.0,0.0,4.0,6.0,0.0,0.0,0.0,0.0,0.0,0.0
2026,10,9,Thomas White,P,0.0,0.0,0.0,0.0,0.0,0.0,0.0,0.0,0.0,0.0,0.0,0.0,0.0,0.0,0.0,0.0,0.0,0.0
2026,10,9,Tyler Glasnow,P,0.0,0.0,0.0,0.0,0.0,0.0,0.0,0.0,0.0,0.0,0.0,0.0,0.0,0.0,0.0,0.0,0.0,0.0
2026,10,9,Walbert Urena,P,0.0,0.0,0.0,3.0,1.0,5.0,0.0,0.0,0.0,0.0,6.0,5.0,1.0,0.0,0.0,0.0,0.0,0.0
2026,10,9,Yandy Diaz,B,2.0,1.0,0.0,4.0,0.0,0.0,0.0,0.0,3.0,0.0,0.0,0.0,0.0,4.0,5.0,0.0,0.0,0.0
2026,10,10,A.J. Ewing,B,0.0,0.0,0.0,0.0,0.0,0.0,0.0,0.0,0.0,0.0,0.0,0.0,0.0,0.0,0.0,0.0,0.0,0.0
2026,10,10,Alec Bohm,B,3.0,0.0,0.0,2.0,0.0,0.0,0.0,0.0,1.0,0.0,0.0,0.0,0.0,1.0,2.0,0.0,0.0,0.0
2026,10,10,Alec Burleson,B,4.0,0.0,0.0,0.0,0.0,0.0,0.0,0.0,0.0,0.0,0.0,0.0,0.0,1.0,3.0,0.0,0.0,0.0
2026,10,10,Drew Rasmussen,P,0.0,0.0,0.0,0.0,0.0,0.0,0.0,0.0,0.0,0.0,0.0,0.0,0.0,0.0,0.0,0.0,0.0,0.0
2026,10,10,Eury Perez,P,0.0,0.0,0.0,0.0,0.0,0.0,0.0,0.0,0.0,0.0,0.0,0.0,0.0,0.0,0.0,0.0,0.0,0.0
2026,10,10,Francisco Lindor,B,0.0,0.0,0.0,0.0,0.0,0.0,0.0,0.0,0.0,0.0,0.0,0.0,0.0,0.0,0.0,0.0,0.0,0.0
2026,10,10,George Kirby,P,0.0,0.0,0.0,1.0,4.0,6.0,0.0,0.0,0.0,0.0,5.329999999999999,4.0,0.0,0.0,0.0,0.0,0.0,0.0
2026,10,10,Hunter Goodman,B,1.0,1.0,0.0,2.0,0.0,0.0,0.0,1.0,2.0,0.0,0.0,0.0,0.0,4.0,4.0,0.0,0.0,0.0
2026,10,10,Jackson Merrill,B,4.0,1.0,0.0,2.0,0.0,0.0,0.0,0.0,1.0,0.0,0.0,0.0,0.0,2.0,2.0,0.0,0.0,0.0
2026,10,10,Jacob Latz,P,0.0,0.0,0.0,0.0,1.0,2.0,0.0,0.0,0.0,0.0,2.33,3.0,0.0,0.0,0.0,0.0,2.0,0.0
2026,10,10,Jacob deGrom,P,0.0,0.0,0.0,1.0,2.0,4.0,0.0,0.0,0.0,0.0,6.0,6.0,1.0,0.0,0.0,0.0,0.0,0.0
2026,10,10,James Wood,B,6.0,1.0,0.0,5.0,0.0,0.0,0.0,0.0,3.0,0.0,0.0,0.0,0.0,7.0,5.0,2.0,0.0,0.0
2026,10,10,Joe Ryan,P,0.0,0.0,0.0,0.0,2.0,5.0,0.0,0.0,0.0,0.0,7.66,9.0,1.0,0.0,0.0,0.0,0.0,0.0
2026,10,10,Jose Altuve,B,0.0,0.0,0.0,0.0,0.0,0.0,0.0,0.0,0.0,0.0,0.0,0.0,0.0,0.0,0.0,0.0,0.0,0.0
2026,10,10,Josh Jung,B,0.0,0.0,0.0,0.0,0.0,0.0,0.0,0.0,0.0,0.0,0.0,0.0,0.0,0.0,0.0,0.0,0.0,0.0
2026,10,10,Justin Wrobleski,P,0.0,0.0,0.0,0.0,1.0,1.0,0.0,0.0,0.0,0.0,7.0,9.0,1.0,0.0,0.0,0.0,0.0,0.0
2026,10,10,Liam Hicks,B,4.0,1.0,0.0,4.0,0.0,0.0,0.0,0.0,0.0,0.0,0.0,0.0,0.0,2.0,1.0,0.0,0.0,0.0
2026,10,10,Max Clark,B,0.0,0.0,0.0,0.0,0.0,0.0,0.0,0.0,0.0,0.0,0.0,0.0,0.0,0.0,0.0,0.0,0.0,0.0
2026,10,10,Michael Busch,B,6.0,0.0,0.0,5.0,0.0,0.0,0.0,1.0,1.0,0.0,0.0,0.0,0.0,5.0,6.0,0.0,0.0,0.0
2026,10,10,Michael King,P,0.0,0.0,0.0,1.0,4.0,5.0,0.0,0.0,0.0,0.0,6.0,2.0,0.0,0.0,0.0,0.0,0.0,0.0
2026,10,10,Michael Soroka,P,0.0,0.0,0.0,0.0,2.0,4.0,0.0,0.0,0.0,0.0,6.0,3.0,1.0,0.0,0.0,0.0,0.0,0.0
2026,10,10,Riley Greene,B,5.0,0.0,0.0,2.0,0.0,0.0,0.0,0.0,0.0,0.0,0.0,0.0,0.0,0.0,1.0,0.0,0.0,0.0
2026,10,10,Ryan Helsley,P,0.0,0.0,0.0,0.0,0.0,0.0,0.0,0.0,0.0,0.0,0.0,0.0,0.0,0.0,0.0,0.0,0.0,0.0
2026,10,10,Sam Antonacci,B,8.0,0.0,0.0,1.0,0.0,0.0,0.0,1.0,0.0,0.0,0.0,0.0,0.0,3.0,3.0,3.0,0.0,0.0
2026,10,10,Shane McClanahan,P,0.0,0.0,0.0,2.0,1.0,7.0,0.0,0.0,0.0,0.0,10.329999999999998,6.0,0.0,0.0,0.0,0.0,0.0,0.0
2026,10,10,Shohei Ohtani (Pitcher),P,0.0,0.0,0.0,4.0,1.0,0.0,0.0,0.0,0.0,0.0,6.0,7.0,1.0,0.0,0.0,0.0,0.0,0.0
2026,10,10,Travis Bazzana,B,1.0,6.0,0.0,2.0,0.0,0.0,0.0,0.0,0.0,0.0,0.0,0.0,0.0,2.0,1.0,1.0,0.0,0.0
2026,10,10,Trea Turner,B,3.0,0.0,0.0,0.0,0.0,0.0,0.0,0.0,2.0,0.0,0.0,0.0,0.0,2.0,3.0,2.0,0.0,0.0
2026,10,10,Zach Neto,B,4.0,3.0,0.0,4.0,0.0,0.0,0.0,0.0,0.0,0.0,0.0,0.0,0.0,6.0,3.0,1.0,0.0,0.0
